{"model state":[{"pitch":-0.22689281404018402,"roll":-0.05235987901687622,"x":32.5,"y":-12.0,"yaw":0.10471975803375244,"z":-34.67850112915039}],"model velocity":[{"pitch":0.0,"roll":0.0,"x":0.0,"y":0.0,"yaw":0.0,"z":0.0}],"tau":[{"pitch":0.0,"roll":0.0,"x":-2.0,"y":40.0,"yaw":0.0,"z":-20.0}],"time span":[{"max":20.0,"min":0.0,"step":0.009999999776482582}]}